<?xml version="1.0" encoding="UTF-8"?>
<metadata xml:lang="zh"><Esri><CreaDate>20131005</CreaDate><CreaTime>16583900</CreaTime><ArcGISFormat>1.0</ArcGISFormat><SyncOnce>FALSE</SyncOnce><DataProperties><lineage><Process ToolSource="c:\arcgis\desktop10.1\ArcToolbox\Toolboxes\Conversion Tools.tbx\RasterToPoint" Date="20131005" Time="165839">RasterToPoint F:\Py4ArcGIS\OC\sin\sin400.img c:\temp\sin400unif50FromRaster.shp VALUE</Process><Process ToolSource="c:\arcgis\desktop10.1\ArcToolbox\Toolboxes\Analysis Tools.tbx\Select" Date="20131005" Time="165842">Select c:\temp\sin400unif50FromRaster.shp F:\Py4ArcGIS\OC\sin\sin400unif50.shp ""FID" =0 OR "FID"=50 OR "FID"=100 OR "FID"=150 OR "FID"=200 OR "FID"=250 OR "FID"=300 OR "FID"=350 OR "FID"=400 OR "FID"=20050 OR "FID"=20100 OR "FID"=20150 OR "FID"=20200 OR "FID"=20250 OR "FID"=20300 OR "FID"=20350 OR "FID"=20400 OR "FID"=20450 OR "FID"=40100 OR "FID"=40150 OR "FID"=40200 OR "FID"=40250 OR "FID"=40300 OR "FID"=40350 OR "FID"=40400 OR "FID"=40450 OR "FID"=40500 OR "FID"=60150 OR "FID"=60200 OR "FID"=60250 OR "FID"=60300 OR "FID"=60350 OR "FID"=60400 OR "FID"=60450 OR "FID"=60500 OR "FID"=60550 OR "FID"=80200 OR "FID"=80250 OR "FID"=80300 OR "FID"=80350 OR "FID"=80400 OR "FID"=80450 OR "FID"=80500 OR "FID"=80550 OR "FID"=80600 OR "FID"=100250 OR "FID"=100300 OR "FID"=100350 OR "FID"=100400 OR "FID"=100450 OR "FID"=100500 OR "FID"=100550 OR "FID"=100600 OR "FID"=100650 OR "FID"=120300 OR "FID"=120350 OR "FID"=120400 OR "FID"=120450 OR "FID"=120500 OR "FID"=120550 OR "FID"=120600 OR "FID"=120650 OR "FID"=120700 OR "FID"=140350 OR "FID"=140400 OR "FID"=140450 OR "FID"=140500 OR "FID"=140550 OR "FID"=140600 OR "FID"=140650 OR "FID"=140700 OR "FID"=140750 OR "FID"=160400 OR "FID"=160450 OR "FID"=160500 OR "FID"=160550 OR "FID"=160600 OR "FID"=160650 OR "FID"=160700 OR "FID"=160750 OR "FID"=160800"</Process></lineage><itemProps><itemName Sync="TRUE">sin400unif50</itemName><imsContentType Sync="TRUE">002</imsContentType><itemSize Sync="TRUE">0.000</itemSize><itemLocation><linkage Sync="TRUE">file://\\WIN-MDM33FEAJRH\F$\Py4ArcGIS\OC\sin\sin400unif50.shp</linkage><protocol Sync="TRUE">Local Area Network</protocol></itemLocation></itemProps></DataProperties><SyncDate>20131005</SyncDate><SyncTime>16584000</SyncTime><ModDate>20131005</ModDate><ModTime>16584000</ModTime></Esri><dataIdInfo><envirDesc Sync="TRUE">Microsoft Windows 7 Version 6.1 (Build 7601) Service Pack 1; Esri ArcGIS 10.1.1.3143</envirDesc><dataLang><languageCode value="zho" Sync="TRUE"></languageCode><countryCode value="CHN" Sync="TRUE"></countryCode></dataLang><idCitation><resTitle Sync="TRUE">sin400unif50</resTitle><presForm><PresFormCd value="005" Sync="TRUE"></PresFormCd></presForm></idCitation><spatRpType><SpatRepTypCd value="001" Sync="TRUE"></SpatRepTypCd></spatRpType></dataIdInfo><mdLang><languageCode value="zho" Sync="TRUE"></languageCode><countryCode value="CHN" Sync="TRUE"></countryCode></mdLang><mdChar><CharSetCd value="004" Sync="TRUE"></CharSetCd></mdChar><distInfo><distFormat><formatName Sync="TRUE">Shapefile</formatName></distFormat><distTranOps><transSize Sync="TRUE">0.000</transSize></distTranOps></distInfo><mdHrLv><ScopeCd value="005" Sync="TRUE"></ScopeCd></mdHrLv><mdHrLvName Sync="TRUE">dataset</mdHrLvName><spatRepInfo><VectSpatRep><geometObjs Name="sin400unif50"><geoObjTyp><GeoObjTypCd value="004" Sync="TRUE"></GeoObjTypCd></geoObjTyp><geoObjCnt Sync="TRUE">0</geoObjCnt></geometObjs><topLvl><TopoLevCd value="001" Sync="TRUE"></TopoLevCd></topLvl></VectSpatRep></spatRepInfo><spdoinfo><ptvctinf><esriterm Name="sin400unif50"><efeatyp Sync="TRUE">Simple</efeatyp><efeageom code="1" Sync="TRUE"></efeageom><esritopo Sync="TRUE">FALSE</esritopo><efeacnt Sync="TRUE">0</efeacnt><spindex Sync="TRUE">FALSE</spindex><linrefer Sync="TRUE">FALSE</linrefer></esriterm></ptvctinf></spdoinfo><eainfo><detailed Name="sin400unif50"><enttyp><enttypl Sync="TRUE">sin400unif50</enttypl><enttypt Sync="TRUE">Feature Class</enttypt><enttypc Sync="TRUE">0</enttypc></enttyp><attr><attrlabl Sync="TRUE">FID</attrlabl><attalias Sync="TRUE">FID</attalias><attrtype Sync="TRUE">OID</attrtype><attwidth Sync="TRUE">4</attwidth><atprecis Sync="TRUE">0</atprecis><attscale Sync="TRUE">0</attscale><attrdef Sync="TRUE">Internal feature number.</attrdef><attrdefs Sync="TRUE">Esri</attrdefs><attrdomv><udom Sync="TRUE">Sequential unique whole numbers that are automatically generated.</udom></attrdomv></attr><attr><attrlabl Sync="TRUE">Shape</attrlabl><attalias Sync="TRUE">Shape</attalias><attrtype Sync="TRUE">Geometry</attrtype><attwidth Sync="TRUE">0</attwidth><atprecis Sync="TRUE">0</atprecis><attscale Sync="TRUE">0</attscale><attrdef Sync="TRUE">Feature geometry.</attrdef><attrdefs Sync="TRUE">Esri</attrdefs><attrdomv><udom Sync="TRUE">Coordinates defining the features.</udom></attrdomv></attr><attr><attrlabl Sync="TRUE">POINTID</attrlabl><attalias Sync="TRUE">POINTID</attalias><attrtype Sync="TRUE">Integer</attrtype><attwidth Sync="TRUE">6</attwidth><atprecis Sync="TRUE">6</atprecis><attscale Sync="TRUE">0</attscale></attr><attr><attrlabl Sync="TRUE">GRID_CODE</attrlabl><attalias Sync="TRUE">GRID_CODE</attalias><attrtype Sync="TRUE">Double</attrtype><attwidth Sync="TRUE">19</attwidth><atprecis Sync="TRUE">18</atprecis><attscale Sync="TRUE">8</attscale></attr></detailed></eainfo><mdDateSt Sync="TRUE">20131005</mdDateSt></metadata>
