<?xml version="1.0" encoding="UTF-8"?>
<metadata xml:lang="zh"><Esri><CreaDate>20131005</CreaDate><CreaTime>17585400</CreaTime><ArcGISFormat>1.0</ArcGISFormat><SyncOnce>FALSE</SyncOnce><DataProperties><lineage><Process ToolSource="c:\arcgis\desktop10.1\ArcToolbox\Toolboxes\Conversion Tools.tbx\RasterToPoint" Date="20131005" Time="175854">RasterToPoint F:\Py4ArcGIS\OC\sin\sin400.img c:\temp\sin400unif20FromRaster.shp VALUE</Process><Process ToolSource="c:\arcgis\desktop10.1\ArcToolbox\Toolboxes\Analysis Tools.tbx\Select" Date="20131005" Time="175903">Select c:\temp\sin400unif20FromRaster.shp F:\Py4ArcGIS\OC\sin\sin400unif20.shp ""FID" =0 OR "FID"=20 OR "FID"=40 OR "FID"=60 OR "FID"=80 OR "FID"=100 OR "FID"=120 OR "FID"=140 OR "FID"=160 OR "FID"=180 OR "FID"=200 OR "FID"=220 OR "FID"=240 OR "FID"=260 OR "FID"=280 OR "FID"=300 OR "FID"=320 OR "FID"=340 OR "FID"=360 OR "FID"=380 OR "FID"=400 OR "FID"=8020 OR "FID"=8040 OR "FID"=8060 OR "FID"=8080 OR "FID"=8100 OR "FID"=8120 OR "FID"=8140 OR "FID"=8160 OR "FID"=8180 OR "FID"=8200 OR "FID"=8220 OR "FID"=8240 OR "FID"=8260 OR "FID"=8280 OR "FID"=8300 OR "FID"=8320 OR "FID"=8340 OR "FID"=8360 OR "FID"=8380 OR "FID"=8400 OR "FID"=8420 OR "FID"=16040 OR "FID"=16060 OR "FID"=16080 OR "FID"=16100 OR "FID"=16120 OR "FID"=16140 OR "FID"=16160 OR "FID"=16180 OR "FID"=16200 OR "FID"=16220 OR "FID"=16240 OR "FID"=16260 OR "FID"=16280 OR "FID"=16300 OR "FID"=16320 OR "FID"=16340 OR "FID"=16360 OR "FID"=16380 OR "FID"=16400 OR "FID"=16420 OR "FID"=16440 OR "FID"=24060 OR "FID"=24080 OR "FID"=24100 OR "FID"=24120 OR "FID"=24140 OR "FID"=24160 OR "FID"=24180 OR "FID"=24200 OR "FID"=24220 OR "FID"=24240 OR "FID"=24260 OR "FID"=24280 OR "FID"=24300 OR "FID"=24320 OR "FID"=24340 OR "FID"=24360 OR "FID"=24380 OR "FID"=24400 OR "FID"=24420 OR "FID"=24440 OR "FID"=24460 OR "FID"=32080 OR "FID"=32100 OR "FID"=32120 OR "FID"=32140 OR "FID"=32160 OR "FID"=32180 OR "FID"=32200 OR "FID"=32220 OR "FID"=32240 OR "FID"=32260 OR "FID"=32280 OR "FID"=32300 OR "FID"=32320 OR "FID"=32340 OR "FID"=32360 OR "FID"=32380 OR "FID"=32400 OR "FID"=32420 OR "FID"=32440 OR "FID"=32460 OR "FID"=32480 OR "FID"=40100 OR "FID"=40120 OR "FID"=40140 OR "FID"=40160 OR "FID"=40180 OR "FID"=40200 OR "FID"=40220 OR "FID"=40240 OR "FID"=40260 OR "FID"=40280 OR "FID"=40300 OR "FID"=40320 OR "FID"=40340 OR "FID"=40360 OR "FID"=40380 OR "FID"=40400 OR "FID"=40420 OR "FID"=40440 OR "FID"=40460 OR "FID"=40480 OR "FID"=40500 OR "FID"=48120 OR "FID"=48140 OR "FID"=48160 OR "FID"=48180 OR "FID"=48200 OR "FID"=48220 OR "FID"=48240 OR "FID"=48260 OR "FID"=48280 OR "FID"=48300 OR "FID"=48320 OR "FID"=48340 OR "FID"=48360 OR "FID"=48380 OR "FID"=48400 OR "FID"=48420 OR "FID"=48440 OR "FID"=48460 OR "FID"=48480 OR "FID"=48500 OR "FID"=48520 OR "FID"=56140 OR "FID"=56160 OR "FID"=56180 OR "FID"=56200 OR "FID"=56220 OR "FID"=56240 OR "FID"=56260 OR "FID"=56280 OR "FID"=56300 OR "FID"=56320 OR "FID"=56340 OR "FID"=56360 OR "FID"=56380 OR "FID"=56400 OR "FID"=56420 OR "FID"=56440 OR "FID"=56460 OR "FID"=56480 OR "FID"=56500 OR "FID"=56520 OR "FID"=56540 OR "FID"=64160 OR "FID"=64180 OR "FID"=64200 OR "FID"=64220 OR "FID"=64240 OR "FID"=64260 OR "FID"=64280 OR "FID"=64300 OR "FID"=64320 OR "FID"=64340 OR "FID"=64360 OR "FID"=64380 OR "FID"=64400 OR "FID"=64420 OR "FID"=64440 OR "FID"=64460 OR "FID"=64480 OR "FID"=64500 OR "FID"=64520 OR "FID"=64540 OR "FID"=64560 OR "FID"=72180 OR "FID"=72200 OR "FID"=72220 OR "FID"=72240 OR "FID"=72260 OR "FID"=72280 OR "FID"=72300 OR "FID"=72320 OR "FID"=72340 OR "FID"=72360 OR "FID"=72380 OR "FID"=72400 OR "FID"=72420 OR "FID"=72440 OR "FID"=72460 OR "FID"=72480 OR "FID"=72500 OR "FID"=72520 OR "FID"=72540 OR "FID"=72560 OR "FID"=72580 OR "FID"=80200 OR "FID"=80220 OR "FID"=80240 OR "FID"=80260 OR "FID"=80280 OR "FID"=80300 OR "FID"=80320 OR "FID"=80340 OR "FID"=80360 OR "FID"=80380 OR "FID"=80400 OR "FID"=80420 OR "FID"=80440 OR "FID"=80460 OR "FID"=80480 OR "FID"=80500 OR "FID"=80520 OR "FID"=80540 OR "FID"=80560 OR "FID"=80580 OR "FID"=80600 OR "FID"=88220 OR "FID"=88240 OR "FID"=88260 OR "FID"=88280 OR "FID"=88300 OR "FID"=88320 OR "FID"=88340 OR "FID"=88360 OR "FID"=88380 OR "FID"=88400 OR "FID"=88420 OR "FID"=88440 OR "FID"=88460 OR "FID"=88480 OR "FID"=88500 OR "FID"=88520 OR "FID"=88540 OR "FID"=88560 OR "FID"=88580 OR "FID"=88600 OR "FID"=88620 OR "FID"=96240 OR "FID"=96260 OR "FID"=96280 OR "FID"=96300 OR "FID"=96320 OR "FID"=96340 OR "FID"=96360 OR "FID"=96380 OR "FID"=96400 OR "FID"=96420 OR "FID"=96440 OR "FID"=96460 OR "FID"=96480 OR "FID"=96500 OR "FID"=96520 OR "FID"=96540 OR "FID"=96560 OR "FID"=96580 OR "FID"=96600 OR "FID"=96620 OR "FID"=96640 OR "FID"=104260 OR "FID"=104280 OR "FID"=104300 OR "FID"=104320 OR "FID"=104340 OR "FID"=104360 OR "FID"=104380 OR "FID"=104400 OR "FID"=104420 OR "FID"=104440 OR "FID"=104460 OR "FID"=104480 OR "FID"=104500 OR "FID"=104520 OR "FID"=104540 OR "FID"=104560 OR "FID"=104580 OR "FID"=104600 OR "FID"=104620 OR "FID"=104640 OR "FID"=104660 OR "FID"=112280 OR "FID"=112300 OR "FID"=112320 OR "FID"=112340 OR "FID"=112360 OR "FID"=112380 OR "FID"=112400 OR "FID"=112420 OR "FID"=112440 OR "FID"=112460 OR "FID"=112480 OR "FID"=112500 OR "FID"=112520 OR "FID"=112540 OR "FID"=112560 OR "FID"=112580 OR "FID"=112600 OR "FID"=112620 OR "FID"=112640 OR "FID"=112660 OR "FID"=112680 OR "FID"=120300 OR "FID"=120320 OR "FID"=120340 OR "FID"=120360 OR "FID"=120380 OR "FID"=120400 OR "FID"=120420 OR "FID"=120440 OR "FID"=120460 OR "FID"=120480 OR "FID"=120500 OR "FID"=120520 OR "FID"=120540 OR "FID"=120560 OR "FID"=120580 OR "FID"=120600 OR "FID"=120620 OR "FID"=120640 OR "FID"=120660 OR "FID"=120680 OR "FID"=120700 OR "FID"=128320 OR "FID"=128340 OR "FID"=128360 OR "FID"=128380 OR "FID"=128400 OR "FID"=128420 OR "FID"=128440 OR "FID"=128460 OR "FID"=128480 OR "FID"=128500 OR "FID"=128520 OR "FID"=128540 OR "FID"=128560 OR "FID"=128580 OR "FID"=128600 OR "FID"=128620 OR "FID"=128640 OR "FID"=128660 OR "FID"=128680 OR "FID"=128700 OR "FID"=128720 OR "FID"=136340 OR "FID"=136360 OR "FID"=136380 OR "FID"=136400 OR "FID"=136420 OR "FID"=136440 OR "FID"=136460 OR "FID"=136480 OR "FID"=136500 OR "FID"=136520 OR "FID"=136540 OR "FID"=136560 OR "FID"=136580 OR "FID"=136600 OR "FID"=136620 OR "FID"=136640 OR "FID"=136660 OR "FID"=136680 OR "FID"=136700 OR "FID"=136720 OR "FID"=136740 OR "FID"=144360 OR "FID"=144380 OR "FID"=144400 OR "FID"=144420 OR "FID"=144440 OR "FID"=144460 OR "FID"=144480 OR "FID"=144500 OR "FID"=144520 OR "FID"=144540 OR "FID"=144560 OR "FID"=144580 OR "FID"=144600 OR "FID"=144620 OR "FID"=144640 OR "FID"=144660 OR "FID"=144680 OR "FID"=144700 OR "FID"=144720 OR "FID"=144740 OR "FID"=144760 OR "FID"=152380 OR "FID"=152400 OR "FID"=152420 OR "FID"=152440 OR "FID"=152460 OR "FID"=152480 OR "FID"=152500 OR "FID"=152520 OR "FID"=152540 OR "FID"=152560 OR "FID"=152580 OR "FID"=152600 OR "FID"=152620 OR "FID"=152640 OR "FID"=152660 OR "FID"=152680 OR "FID"=152700 OR "FID"=152720 OR "FID"=152740 OR "FID"=152760 OR "FID"=152780 OR "FID"=160400 OR "FID"=160420 OR "FID"=160440 OR "FID"=160460 OR "FID"=160480 OR "FID"=160500 OR "FID"=160520 OR "FID"=160540 OR "FID"=160560 OR "FID"=160580 OR "FID"=160600 OR "FID"=160620 OR "FID"=160640 OR "FID"=160660 OR "FID"=160680 OR "FID"=160700 OR "FID"=160720 OR "FID"=160740 OR "FID"=160760 OR "FID"=160780 OR "FID"=160800"</Process></lineage><itemProps><itemName Sync="TRUE">sin400unif20</itemName><imsContentType Sync="TRUE">002</imsContentType><itemSize Sync="TRUE">0.000</itemSize><itemLocation><linkage Sync="TRUE">file://\\WIN-MDM33FEAJRH\F$\Py4ArcGIS\OC\sin\sin400unif20.shp</linkage><protocol Sync="TRUE">Local Area Network</protocol></itemLocation></itemProps></DataProperties><SyncDate>20131005</SyncDate><SyncTime>17585500</SyncTime><ModDate>20131005</ModDate><ModTime>17585500</ModTime></Esri><dataIdInfo><envirDesc Sync="TRUE">Microsoft Windows 7 Version 6.1 (Build 7601) Service Pack 1; Esri ArcGIS 10.1.1.3143</envirDesc><dataLang><languageCode value="zho" Sync="TRUE"></languageCode><countryCode value="CHN" Sync="TRUE"></countryCode></dataLang><idCitation><resTitle Sync="TRUE">sin400unif20</resTitle><presForm><PresFormCd value="005" Sync="TRUE"></PresFormCd></presForm></idCitation><spatRpType><SpatRepTypCd value="001" Sync="TRUE"></SpatRepTypCd></spatRpType></dataIdInfo><mdLang><languageCode value="zho" Sync="TRUE"></languageCode><countryCode value="CHN" Sync="TRUE"></countryCode></mdLang><mdChar><CharSetCd value="004" Sync="TRUE"></CharSetCd></mdChar><distInfo><distFormat><formatName Sync="TRUE">Shapefile</formatName></distFormat><distTranOps><transSize Sync="TRUE">0.000</transSize></distTranOps></distInfo><mdHrLv><ScopeCd value="005" Sync="TRUE"></ScopeCd></mdHrLv><mdHrLvName Sync="TRUE">dataset</mdHrLvName><spatRepInfo><VectSpatRep><geometObjs Name="sin400unif20"><geoObjTyp><GeoObjTypCd value="004" Sync="TRUE"></GeoObjTypCd></geoObjTyp><geoObjCnt Sync="TRUE">0</geoObjCnt></geometObjs><topLvl><TopoLevCd value="001" Sync="TRUE"></TopoLevCd></topLvl></VectSpatRep></spatRepInfo><spdoinfo><ptvctinf><esriterm Name="sin400unif20"><efeatyp Sync="TRUE">Simple</efeatyp><efeageom code="1" Sync="TRUE"></efeageom><esritopo Sync="TRUE">FALSE</esritopo><efeacnt Sync="TRUE">0</efeacnt><spindex Sync="TRUE">FALSE</spindex><linrefer Sync="TRUE">FALSE</linrefer></esriterm></ptvctinf></spdoinfo><eainfo><detailed Name="sin400unif20"><enttyp><enttypl Sync="TRUE">sin400unif20</enttypl><enttypt Sync="TRUE">Feature Class</enttypt><enttypc Sync="TRUE">0</enttypc></enttyp><attr><attrlabl Sync="TRUE">FID</attrlabl><attalias Sync="TRUE">FID</attalias><attrtype Sync="TRUE">OID</attrtype><attwidth Sync="TRUE">4</attwidth><atprecis Sync="TRUE">0</atprecis><attscale Sync="TRUE">0</attscale><attrdef Sync="TRUE">Internal feature number.</attrdef><attrdefs Sync="TRUE">Esri</attrdefs><attrdomv><udom Sync="TRUE">Sequential unique whole numbers that are automatically generated.</udom></attrdomv></attr><attr><attrlabl Sync="TRUE">Shape</attrlabl><attalias Sync="TRUE">Shape</attalias><attrtype Sync="TRUE">Geometry</attrtype><attwidth Sync="TRUE">0</attwidth><atprecis Sync="TRUE">0</atprecis><attscale Sync="TRUE">0</attscale><attrdef Sync="TRUE">Feature geometry.</attrdef><attrdefs Sync="TRUE">Esri</attrdefs><attrdomv><udom Sync="TRUE">Coordinates defining the features.</udom></attrdomv></attr><attr><attrlabl Sync="TRUE">POINTID</attrlabl><attalias Sync="TRUE">POINTID</attalias><attrtype Sync="TRUE">Integer</attrtype><attwidth Sync="TRUE">6</attwidth><atprecis Sync="TRUE">6</atprecis><attscale Sync="TRUE">0</attscale></attr><attr><attrlabl Sync="TRUE">GRID_CODE</attrlabl><attalias Sync="TRUE">GRID_CODE</attalias><attrtype Sync="TRUE">Double</attrtype><attwidth Sync="TRUE">19</attwidth><atprecis Sync="TRUE">18</atprecis><attscale Sync="TRUE">8</attscale></attr></detailed></eainfo><mdDateSt Sync="TRUE">20131005</mdDateSt></metadata>
