<?xml version="1.0" encoding="UTF-8"?>
<metadata xml:lang="zh"><Esri><CreaDate>20131005</CreaDate><CreaTime>17284500</CreaTime><ArcGISFormat>1.0</ArcGISFormat><SyncOnce>FALSE</SyncOnce><DataProperties><lineage><Process ToolSource="c:\arcgis\desktop10.1\ArcToolbox\Toolboxes\Conversion Tools.tbx\RasterToPoint" Date="20131005" Time="172845">RasterToPoint F:\Py4ArcGIS\OC\sin\sin400.img c:\temp\sin400unif40FromRaster.shp VALUE</Process><Process ToolSource="c:\arcgis\desktop10.1\ArcToolbox\Toolboxes\Analysis Tools.tbx\Select" Date="20131005" Time="172849">Select c:\temp\sin400unif40FromRaster.shp F:\Py4ArcGIS\OC\sin\sin400unif40.shp ""FID" =0 OR "FID"=40 OR "FID"=80 OR "FID"=120 OR "FID"=160 OR "FID"=200 OR "FID"=240 OR "FID"=280 OR "FID"=320 OR "FID"=360 OR "FID"=400 OR "FID"=16040 OR "FID"=16080 OR "FID"=16120 OR "FID"=16160 OR "FID"=16200 OR "FID"=16240 OR "FID"=16280 OR "FID"=16320 OR "FID"=16360 OR "FID"=16400 OR "FID"=16440 OR "FID"=32080 OR "FID"=32120 OR "FID"=32160 OR "FID"=32200 OR "FID"=32240 OR "FID"=32280 OR "FID"=32320 OR "FID"=32360 OR "FID"=32400 OR "FID"=32440 OR "FID"=32480 OR "FID"=48120 OR "FID"=48160 OR "FID"=48200 OR "FID"=48240 OR "FID"=48280 OR "FID"=48320 OR "FID"=48360 OR "FID"=48400 OR "FID"=48440 OR "FID"=48480 OR "FID"=48520 OR "FID"=64160 OR "FID"=64200 OR "FID"=64240 OR "FID"=64280 OR "FID"=64320 OR "FID"=64360 OR "FID"=64400 OR "FID"=64440 OR "FID"=64480 OR "FID"=64520 OR "FID"=64560 OR "FID"=80200 OR "FID"=80240 OR "FID"=80280 OR "FID"=80320 OR "FID"=80360 OR "FID"=80400 OR "FID"=80440 OR "FID"=80480 OR "FID"=80520 OR "FID"=80560 OR "FID"=80600 OR "FID"=96240 OR "FID"=96280 OR "FID"=96320 OR "FID"=96360 OR "FID"=96400 OR "FID"=96440 OR "FID"=96480 OR "FID"=96520 OR "FID"=96560 OR "FID"=96600 OR "FID"=96640 OR "FID"=112280 OR "FID"=112320 OR "FID"=112360 OR "FID"=112400 OR "FID"=112440 OR "FID"=112480 OR "FID"=112520 OR "FID"=112560 OR "FID"=112600 OR "FID"=112640 OR "FID"=112680 OR "FID"=128320 OR "FID"=128360 OR "FID"=128400 OR "FID"=128440 OR "FID"=128480 OR "FID"=128520 OR "FID"=128560 OR "FID"=128600 OR "FID"=128640 OR "FID"=128680 OR "FID"=128720 OR "FID"=144360 OR "FID"=144400 OR "FID"=144440 OR "FID"=144480 OR "FID"=144520 OR "FID"=144560 OR "FID"=144600 OR "FID"=144640 OR "FID"=144680 OR "FID"=144720 OR "FID"=144760 OR "FID"=160400 OR "FID"=160440 OR "FID"=160480 OR "FID"=160520 OR "FID"=160560 OR "FID"=160600 OR "FID"=160640 OR "FID"=160680 OR "FID"=160720 OR "FID"=160760 OR "FID"=160800"</Process></lineage><itemProps><itemName Sync="TRUE">sin400unif40</itemName><imsContentType Sync="TRUE">002</imsContentType><itemSize Sync="TRUE">0.000</itemSize><itemLocation><linkage Sync="TRUE">file://\\WIN-MDM33FEAJRH\F$\Py4ArcGIS\OC\sin\sin400unif40.shp</linkage><protocol Sync="TRUE">Local Area Network</protocol></itemLocation></itemProps></DataProperties><SyncDate>20131005</SyncDate><SyncTime>17284600</SyncTime><ModDate>20131005</ModDate><ModTime>17284600</ModTime></Esri><dataIdInfo><envirDesc Sync="TRUE">Microsoft Windows 7 Version 6.1 (Build 7601) Service Pack 1; Esri ArcGIS 10.1.1.3143</envirDesc><dataLang><languageCode value="zho" Sync="TRUE"></languageCode><countryCode value="CHN" Sync="TRUE"></countryCode></dataLang><idCitation><resTitle Sync="TRUE">sin400unif40</resTitle><presForm><PresFormCd value="005" Sync="TRUE"></PresFormCd></presForm></idCitation><spatRpType><SpatRepTypCd value="001" Sync="TRUE"></SpatRepTypCd></spatRpType></dataIdInfo><mdLang><languageCode value="zho" Sync="TRUE"></languageCode><countryCode value="CHN" Sync="TRUE"></countryCode></mdLang><mdChar><CharSetCd value="004" Sync="TRUE"></CharSetCd></mdChar><distInfo><distFormat><formatName Sync="TRUE">Shapefile</formatName></distFormat><distTranOps><transSize Sync="TRUE">0.000</transSize></distTranOps></distInfo><mdHrLv><ScopeCd value="005" Sync="TRUE"></ScopeCd></mdHrLv><mdHrLvName Sync="TRUE">dataset</mdHrLvName><spatRepInfo><VectSpatRep><geometObjs Name="sin400unif40"><geoObjTyp><GeoObjTypCd value="004" Sync="TRUE"></GeoObjTypCd></geoObjTyp><geoObjCnt Sync="TRUE">0</geoObjCnt></geometObjs><topLvl><TopoLevCd value="001" Sync="TRUE"></TopoLevCd></topLvl></VectSpatRep></spatRepInfo><spdoinfo><ptvctinf><esriterm Name="sin400unif40"><efeatyp Sync="TRUE">Simple</efeatyp><efeageom code="1" Sync="TRUE"></efeageom><esritopo Sync="TRUE">FALSE</esritopo><efeacnt Sync="TRUE">0</efeacnt><spindex Sync="TRUE">FALSE</spindex><linrefer Sync="TRUE">FALSE</linrefer></esriterm></ptvctinf></spdoinfo><eainfo><detailed Name="sin400unif40"><enttyp><enttypl Sync="TRUE">sin400unif40</enttypl><enttypt Sync="TRUE">Feature Class</enttypt><enttypc Sync="TRUE">0</enttypc></enttyp><attr><attrlabl Sync="TRUE">FID</attrlabl><attalias Sync="TRUE">FID</attalias><attrtype Sync="TRUE">OID</attrtype><attwidth Sync="TRUE">4</attwidth><atprecis Sync="TRUE">0</atprecis><attscale Sync="TRUE">0</attscale><attrdef Sync="TRUE">Internal feature number.</attrdef><attrdefs Sync="TRUE">Esri</attrdefs><attrdomv><udom Sync="TRUE">Sequential unique whole numbers that are automatically generated.</udom></attrdomv></attr><attr><attrlabl Sync="TRUE">Shape</attrlabl><attalias Sync="TRUE">Shape</attalias><attrtype Sync="TRUE">Geometry</attrtype><attwidth Sync="TRUE">0</attwidth><atprecis Sync="TRUE">0</atprecis><attscale Sync="TRUE">0</attscale><attrdef Sync="TRUE">Feature geometry.</attrdef><attrdefs Sync="TRUE">Esri</attrdefs><attrdomv><udom Sync="TRUE">Coordinates defining the features.</udom></attrdomv></attr><attr><attrlabl Sync="TRUE">POINTID</attrlabl><attalias Sync="TRUE">POINTID</attalias><attrtype Sync="TRUE">Integer</attrtype><attwidth Sync="TRUE">6</attwidth><atprecis Sync="TRUE">6</atprecis><attscale Sync="TRUE">0</attscale></attr><attr><attrlabl Sync="TRUE">GRID_CODE</attrlabl><attalias Sync="TRUE">GRID_CODE</attalias><attrtype Sync="TRUE">Double</attrtype><attwidth Sync="TRUE">19</attwidth><atprecis Sync="TRUE">18</atprecis><attscale Sync="TRUE">8</attscale></attr></detailed></eainfo><mdDateSt Sync="TRUE">20131005</mdDateSt></metadata>
