<?xml version="1.0" encoding="UTF-8"?>
<metadata xml:lang="zh"><Esri><CreaDate>20131220</CreaDate><CreaTime>20182000</CreaTime><ArcGISFormat>1.0</ArcGISFormat><SyncOnce>FALSE</SyncOnce><DataProperties><lineage><Process ToolSource="c:\aa\arcgis\desktop10.1\ArcToolbox\Toolboxes\Conversion Tools.tbx\RasterToPoint" Date="20131220" Time="201820">RasterToPoint f:\Py4ArcGIS\OC\gauss\gauss5.img c:\temp\gauss5uf3FromRaster.shp VALUE</Process><Process ToolSource="c:\aa\arcgis\desktop10.1\ArcToolbox\Toolboxes\Analysis Tools.tbx\Select" Date="20131220" Time="201820">Select c:\temp\gauss5uf3FromRaster.shp f:\Py4ArcGIS\OC\gauss\gauss5uf3.shp ""FID" =0 OR "FID"=3 OR "FID"=6 OR "FID"=9 OR "FID"=12 OR "FID"=15 OR "FID"=18 OR "FID"=21 OR "FID"=24 OR "FID"=27 OR "FID"=30 OR "FID"=93 OR "FID"=96 OR "FID"=99 OR "FID"=102 OR "FID"=105 OR "FID"=108 OR "FID"=111 OR "FID"=114 OR "FID"=117 OR "FID"=120 OR "FID"=123 OR "FID"=186 OR "FID"=189 OR "FID"=192 OR "FID"=195 OR "FID"=198 OR "FID"=201 OR "FID"=204 OR "FID"=207 OR "FID"=210 OR "FID"=213 OR "FID"=216 OR "FID"=279 OR "FID"=282 OR "FID"=285 OR "FID"=288 OR "FID"=291 OR "FID"=294 OR "FID"=297 OR "FID"=300 OR "FID"=303 OR "FID"=306 OR "FID"=309 OR "FID"=372 OR "FID"=375 OR "FID"=378 OR "FID"=381 OR "FID"=384 OR "FID"=387 OR "FID"=390 OR "FID"=393 OR "FID"=396 OR "FID"=399 OR "FID"=402 OR "FID"=465 OR "FID"=468 OR "FID"=471 OR "FID"=474 OR "FID"=477 OR "FID"=480 OR "FID"=483 OR "FID"=486 OR "FID"=489 OR "FID"=492 OR "FID"=495 OR "FID"=558 OR "FID"=561 OR "FID"=564 OR "FID"=567 OR "FID"=570 OR "FID"=573 OR "FID"=576 OR "FID"=579 OR "FID"=582 OR "FID"=585 OR "FID"=588 OR "FID"=651 OR "FID"=654 OR "FID"=657 OR "FID"=660 OR "FID"=663 OR "FID"=666 OR "FID"=669 OR "FID"=672 OR "FID"=675 OR "FID"=678 OR "FID"=681 OR "FID"=744 OR "FID"=747 OR "FID"=750 OR "FID"=753 OR "FID"=756 OR "FID"=759 OR "FID"=762 OR "FID"=765 OR "FID"=768 OR "FID"=771 OR "FID"=774 OR "FID"=837 OR "FID"=840 OR "FID"=843 OR "FID"=846 OR "FID"=849 OR "FID"=852 OR "FID"=855 OR "FID"=858 OR "FID"=861 OR "FID"=864 OR "FID"=867 OR "FID"=930 OR "FID"=933 OR "FID"=936 OR "FID"=939 OR "FID"=942 OR "FID"=945 OR "FID"=948 OR "FID"=951 OR "FID"=954 OR "FID"=957 OR "FID"=960"</Process></lineage><itemProps><itemName Sync="TRUE">gauss5uf3</itemName><imsContentType Sync="TRUE">002</imsContentType><itemSize Sync="TRUE">0.000</itemSize><itemLocation><linkage Sync="TRUE">file://\\SIST-PC\F$\Py4ArcGIS\OC\gauss\gauss5uf3.shp</linkage><protocol Sync="TRUE">Local Area Network</protocol></itemLocation></itemProps></DataProperties><SyncDate>20131220</SyncDate><SyncTime>20182000</SyncTime><ModDate>20131220</ModDate><ModTime>20182000</ModTime></Esri><dataIdInfo><envirDesc Sync="TRUE">Microsoft Windows 7 Version 6.1 (Build 7601) Service Pack 1; Esri ArcGIS 10.1.1.3143</envirDesc><dataLang><languageCode value="zho" Sync="TRUE"></languageCode><countryCode value="CHN" Sync="TRUE"></countryCode></dataLang><idCitation><resTitle Sync="TRUE">gauss5uf3</resTitle><presForm><PresFormCd value="005" Sync="TRUE"></PresFormCd></presForm></idCitation><spatRpType><SpatRepTypCd value="001" Sync="TRUE"></SpatRepTypCd></spatRpType></dataIdInfo><mdLang><languageCode value="zho" Sync="TRUE"></languageCode><countryCode value="CHN" Sync="TRUE"></countryCode></mdLang><mdChar><CharSetCd value="004" Sync="TRUE"></CharSetCd></mdChar><distInfo><distFormat><formatName Sync="TRUE">Shapefile</formatName></distFormat><distTranOps><transSize Sync="TRUE">0.000</transSize></distTranOps></distInfo><mdHrLv><ScopeCd value="005" Sync="TRUE"></ScopeCd></mdHrLv><mdHrLvName Sync="TRUE">dataset</mdHrLvName><spatRepInfo><VectSpatRep><geometObjs Name="gauss5uf3"><geoObjTyp><GeoObjTypCd value="004" Sync="TRUE"></GeoObjTypCd></geoObjTyp><geoObjCnt Sync="TRUE">0</geoObjCnt></geometObjs><topLvl><TopoLevCd value="001" Sync="TRUE"></TopoLevCd></topLvl></VectSpatRep></spatRepInfo><spdoinfo><ptvctinf><esriterm Name="gauss5uf3"><efeatyp Sync="TRUE">Simple</efeatyp><efeageom code="1" Sync="TRUE"></efeageom><esritopo Sync="TRUE">FALSE</esritopo><efeacnt Sync="TRUE">0</efeacnt><spindex Sync="TRUE">FALSE</spindex><linrefer Sync="TRUE">FALSE</linrefer></esriterm></ptvctinf></spdoinfo><eainfo><detailed Name="gauss5uf3"><enttyp><enttypl Sync="TRUE">gauss5uf3</enttypl><enttypt Sync="TRUE">Feature Class</enttypt><enttypc Sync="TRUE">0</enttypc></enttyp><attr><attrlabl Sync="TRUE">FID</attrlabl><attalias Sync="TRUE">FID</attalias><attrtype Sync="TRUE">OID</attrtype><attwidth Sync="TRUE">4</attwidth><atprecis Sync="TRUE">0</atprecis><attscale Sync="TRUE">0</attscale><attrdef Sync="TRUE">Internal feature number.</attrdef><attrdefs Sync="TRUE">Esri</attrdefs><attrdomv><udom Sync="TRUE">Sequential unique whole numbers that are automatically generated.</udom></attrdomv></attr><attr><attrlabl Sync="TRUE">Shape</attrlabl><attalias Sync="TRUE">Shape</attalias><attrtype Sync="TRUE">Geometry</attrtype><attwidth Sync="TRUE">0</attwidth><atprecis Sync="TRUE">0</atprecis><attscale Sync="TRUE">0</attscale><attrdef Sync="TRUE">Feature geometry.</attrdef><attrdefs Sync="TRUE">Esri</attrdefs><attrdomv><udom Sync="TRUE">Coordinates defining the features.</udom></attrdomv></attr><attr><attrlabl Sync="TRUE">POINTID</attrlabl><attalias Sync="TRUE">POINTID</attalias><attrtype Sync="TRUE">Integer</attrtype><attwidth Sync="TRUE">6</attwidth><atprecis Sync="TRUE">6</atprecis><attscale Sync="TRUE">0</attscale></attr><attr><attrlabl Sync="TRUE">GRID_CODE</attrlabl><attalias Sync="TRUE">GRID_CODE</attalias><attrtype Sync="TRUE">Double</attrtype><attwidth Sync="TRUE">19</attwidth><atprecis Sync="TRUE">18</atprecis><attscale Sync="TRUE">8</attscale></attr></detailed></eainfo><mdDateSt Sync="TRUE">20131220</mdDateSt></metadata>
