<?xml version="1.0" encoding="UTF-8"?>
<metadata xml:lang="zh"><Esri><CreaDate>20131005</CreaDate><CreaTime>21473500</CreaTime><ArcGISFormat>1.0</ArcGISFormat><SyncOnce>FALSE</SyncOnce><DataProperties><lineage><Process ToolSource="c:\arcgis\desktop10.1\ArcToolbox\Toolboxes\Conversion Tools.tbx\RasterToPoint" Date="20131005" Time="214735">RasterToPoint F:\Py4ArcGIS\OC\gauss\gauss50.img c:\temp\gauss50unif50FromRaster.shp VALUE</Process><Process ToolSource="c:\arcgis\desktop10.1\ArcToolbox\Toolboxes\Analysis Tools.tbx\Select" Date="20131005" Time="214736">Select c:\temp\gauss50unif50FromRaster.shp F:\Py4ArcGIS\OC\gauss\gauss50unif50.shp ""FID" =0 OR "FID"=50 OR "FID"=100 OR "FID"=150 OR "FID"=200 OR "FID"=250 OR "FID"=300 OR "FID"=15050 OR "FID"=15100 OR "FID"=15150 OR "FID"=15200 OR "FID"=15250 OR "FID"=15300 OR "FID"=15350 OR "FID"=30100 OR "FID"=30150 OR "FID"=30200 OR "FID"=30250 OR "FID"=30300 OR "FID"=30350 OR "FID"=30400 OR "FID"=45150 OR "FID"=45200 OR "FID"=45250 OR "FID"=45300 OR "FID"=45350 OR "FID"=45400 OR "FID"=45450 OR "FID"=60200 OR "FID"=60250 OR "FID"=60300 OR "FID"=60350 OR "FID"=60400 OR "FID"=60450 OR "FID"=60500 OR "FID"=75250 OR "FID"=75300 OR "FID"=75350 OR "FID"=75400 OR "FID"=75450 OR "FID"=75500 OR "FID"=75550 OR "FID"=90300 OR "FID"=90350 OR "FID"=90400 OR "FID"=90450 OR "FID"=90500 OR "FID"=90550 OR "FID"=90600"</Process></lineage><itemProps><itemName Sync="TRUE">gauss50unif50</itemName><imsContentType Sync="TRUE">002</imsContentType><itemSize Sync="TRUE">0.000</itemSize><itemLocation><linkage Sync="TRUE">file://\\WIN-MDM33FEAJRH\F$\Py4ArcGIS\OC\gauss\gauss50unif50.shp</linkage><protocol Sync="TRUE">Local Area Network</protocol></itemLocation></itemProps></DataProperties><SyncDate>20131005</SyncDate><SyncTime>21473500</SyncTime><ModDate>20131005</ModDate><ModTime>21473500</ModTime></Esri><dataIdInfo><envirDesc Sync="TRUE">Microsoft Windows 7 Version 6.1 (Build 7601) Service Pack 1; Esri ArcGIS 10.1.1.3143</envirDesc><dataLang><languageCode value="zho" Sync="TRUE"></languageCode><countryCode value="CHN" Sync="TRUE"></countryCode></dataLang><idCitation><resTitle Sync="TRUE">gauss50unif50</resTitle><presForm><PresFormCd value="005" Sync="TRUE"></PresFormCd></presForm></idCitation><spatRpType><SpatRepTypCd value="001" Sync="TRUE"></SpatRepTypCd></spatRpType></dataIdInfo><mdLang><languageCode value="zho" Sync="TRUE"></languageCode><countryCode value="CHN" Sync="TRUE"></countryCode></mdLang><mdChar><CharSetCd value="004" Sync="TRUE"></CharSetCd></mdChar><distInfo><distFormat><formatName Sync="TRUE">Shapefile</formatName></distFormat><distTranOps><transSize Sync="TRUE">0.000</transSize></distTranOps></distInfo><mdHrLv><ScopeCd value="005" Sync="TRUE"></ScopeCd></mdHrLv><mdHrLvName Sync="TRUE">dataset</mdHrLvName><spatRepInfo><VectSpatRep><geometObjs Name="gauss50unif50"><geoObjTyp><GeoObjTypCd value="004" Sync="TRUE"></GeoObjTypCd></geoObjTyp><geoObjCnt Sync="TRUE">0</geoObjCnt></geometObjs><topLvl><TopoLevCd value="001" Sync="TRUE"></TopoLevCd></topLvl></VectSpatRep></spatRepInfo><spdoinfo><ptvctinf><esriterm Name="gauss50unif50"><efeatyp Sync="TRUE">Simple</efeatyp><efeageom code="1" Sync="TRUE"></efeageom><esritopo Sync="TRUE">FALSE</esritopo><efeacnt Sync="TRUE">0</efeacnt><spindex Sync="TRUE">FALSE</spindex><linrefer Sync="TRUE">FALSE</linrefer></esriterm></ptvctinf></spdoinfo><eainfo><detailed Name="gauss50unif50"><enttyp><enttypl Sync="TRUE">gauss50unif50</enttypl><enttypt Sync="TRUE">Feature Class</enttypt><enttypc Sync="TRUE">0</enttypc></enttyp><attr><attrlabl Sync="TRUE">FID</attrlabl><attalias Sync="TRUE">FID</attalias><attrtype Sync="TRUE">OID</attrtype><attwidth Sync="TRUE">4</attwidth><atprecis Sync="TRUE">0</atprecis><attscale Sync="TRUE">0</attscale><attrdef Sync="TRUE">Internal feature number.</attrdef><attrdefs Sync="TRUE">Esri</attrdefs><attrdomv><udom Sync="TRUE">Sequential unique whole numbers that are automatically generated.</udom></attrdomv></attr><attr><attrlabl Sync="TRUE">Shape</attrlabl><attalias Sync="TRUE">Shape</attalias><attrtype Sync="TRUE">Geometry</attrtype><attwidth Sync="TRUE">0</attwidth><atprecis Sync="TRUE">0</atprecis><attscale Sync="TRUE">0</attscale><attrdef Sync="TRUE">Feature geometry.</attrdef><attrdefs Sync="TRUE">Esri</attrdefs><attrdomv><udom Sync="TRUE">Coordinates defining the features.</udom></attrdomv></attr><attr><attrlabl Sync="TRUE">POINTID</attrlabl><attalias Sync="TRUE">POINTID</attalias><attrtype Sync="TRUE">Integer</attrtype><attwidth Sync="TRUE">6</attwidth><atprecis Sync="TRUE">6</atprecis><attscale Sync="TRUE">0</attscale></attr><attr><attrlabl Sync="TRUE">GRID_CODE</attrlabl><attalias Sync="TRUE">GRID_CODE</attalias><attrtype Sync="TRUE">Double</attrtype><attwidth Sync="TRUE">19</attwidth><atprecis Sync="TRUE">18</atprecis><attscale Sync="TRUE">8</attscale></attr></detailed></eainfo><mdDateSt Sync="TRUE">20131005</mdDateSt></metadata>
