<?xml version="1.0" encoding="UTF-8"?>
<metadata xml:lang="zh"><Esri><CreaDate>20131006</CreaDate><CreaTime>05550900</CreaTime><ArcGISFormat>1.0</ArcGISFormat><SyncOnce>FALSE</SyncOnce><DataProperties><lineage><Process ToolSource="c:\arcgis\desktop10.1\ArcToolbox\Toolboxes\Conversion Tools.tbx\RasterToPoint" Date="20131006" Time="055509">RasterToPoint F:\Py4ArcGIS\OC\gauss\gauss50.img c:\temp\gauss50unif20FromRaster.shp VALUE</Process><Process ToolSource="c:\arcgis\desktop10.1\ArcToolbox\Toolboxes\Analysis Tools.tbx\Select" Date="20131006" Time="055513">Select c:\temp\gauss50unif20FromRaster.shp F:\Py4ArcGIS\OC\gauss\gauss50unif20.shp ""FID" =0 OR "FID"=20 OR "FID"=40 OR "FID"=60 OR "FID"=80 OR "FID"=100 OR "FID"=120 OR "FID"=140 OR "FID"=160 OR "FID"=180 OR "FID"=200 OR "FID"=220 OR "FID"=240 OR "FID"=260 OR "FID"=280 OR "FID"=300 OR "FID"=6020 OR "FID"=6040 OR "FID"=6060 OR "FID"=6080 OR "FID"=6100 OR "FID"=6120 OR "FID"=6140 OR "FID"=6160 OR "FID"=6180 OR "FID"=6200 OR "FID"=6220 OR "FID"=6240 OR "FID"=6260 OR "FID"=6280 OR "FID"=6300 OR "FID"=6320 OR "FID"=12040 OR "FID"=12060 OR "FID"=12080 OR "FID"=12100 OR "FID"=12120 OR "FID"=12140 OR "FID"=12160 OR "FID"=12180 OR "FID"=12200 OR "FID"=12220 OR "FID"=12240 OR "FID"=12260 OR "FID"=12280 OR "FID"=12300 OR "FID"=12320 OR "FID"=12340 OR "FID"=18060 OR "FID"=18080 OR "FID"=18100 OR "FID"=18120 OR "FID"=18140 OR "FID"=18160 OR "FID"=18180 OR "FID"=18200 OR "FID"=18220 OR "FID"=18240 OR "FID"=18260 OR "FID"=18280 OR "FID"=18300 OR "FID"=18320 OR "FID"=18340 OR "FID"=18360 OR "FID"=24080 OR "FID"=24100 OR "FID"=24120 OR "FID"=24140 OR "FID"=24160 OR "FID"=24180 OR "FID"=24200 OR "FID"=24220 OR "FID"=24240 OR "FID"=24260 OR "FID"=24280 OR "FID"=24300 OR "FID"=24320 OR "FID"=24340 OR "FID"=24360 OR "FID"=24380 OR "FID"=30100 OR "FID"=30120 OR "FID"=30140 OR "FID"=30160 OR "FID"=30180 OR "FID"=30200 OR "FID"=30220 OR "FID"=30240 OR "FID"=30260 OR "FID"=30280 OR "FID"=30300 OR "FID"=30320 OR "FID"=30340 OR "FID"=30360 OR "FID"=30380 OR "FID"=30400 OR "FID"=36120 OR "FID"=36140 OR "FID"=36160 OR "FID"=36180 OR "FID"=36200 OR "FID"=36220 OR "FID"=36240 OR "FID"=36260 OR "FID"=36280 OR "FID"=36300 OR "FID"=36320 OR "FID"=36340 OR "FID"=36360 OR "FID"=36380 OR "FID"=36400 OR "FID"=36420 OR "FID"=42140 OR "FID"=42160 OR "FID"=42180 OR "FID"=42200 OR "FID"=42220 OR "FID"=42240 OR "FID"=42260 OR "FID"=42280 OR "FID"=42300 OR "FID"=42320 OR "FID"=42340 OR "FID"=42360 OR "FID"=42380 OR "FID"=42400 OR "FID"=42420 OR "FID"=42440 OR "FID"=48160 OR "FID"=48180 OR "FID"=48200 OR "FID"=48220 OR "FID"=48240 OR "FID"=48260 OR "FID"=48280 OR "FID"=48300 OR "FID"=48320 OR "FID"=48340 OR "FID"=48360 OR "FID"=48380 OR "FID"=48400 OR "FID"=48420 OR "FID"=48440 OR "FID"=48460 OR "FID"=54180 OR "FID"=54200 OR "FID"=54220 OR "FID"=54240 OR "FID"=54260 OR "FID"=54280 OR "FID"=54300 OR "FID"=54320 OR "FID"=54340 OR "FID"=54360 OR "FID"=54380 OR "FID"=54400 OR "FID"=54420 OR "FID"=54440 OR "FID"=54460 OR "FID"=54480 OR "FID"=60200 OR "FID"=60220 OR "FID"=60240 OR "FID"=60260 OR "FID"=60280 OR "FID"=60300 OR "FID"=60320 OR "FID"=60340 OR "FID"=60360 OR "FID"=60380 OR "FID"=60400 OR "FID"=60420 OR "FID"=60440 OR "FID"=60460 OR "FID"=60480 OR "FID"=60500 OR "FID"=66220 OR "FID"=66240 OR "FID"=66260 OR "FID"=66280 OR "FID"=66300 OR "FID"=66320 OR "FID"=66340 OR "FID"=66360 OR "FID"=66380 OR "FID"=66400 OR "FID"=66420 OR "FID"=66440 OR "FID"=66460 OR "FID"=66480 OR "FID"=66500 OR "FID"=66520 OR "FID"=72240 OR "FID"=72260 OR "FID"=72280 OR "FID"=72300 OR "FID"=72320 OR "FID"=72340 OR "FID"=72360 OR "FID"=72380 OR "FID"=72400 OR "FID"=72420 OR "FID"=72440 OR "FID"=72460 OR "FID"=72480 OR "FID"=72500 OR "FID"=72520 OR "FID"=72540 OR "FID"=78260 OR "FID"=78280 OR "FID"=78300 OR "FID"=78320 OR "FID"=78340 OR "FID"=78360 OR "FID"=78380 OR "FID"=78400 OR "FID"=78420 OR "FID"=78440 OR "FID"=78460 OR "FID"=78480 OR "FID"=78500 OR "FID"=78520 OR "FID"=78540 OR "FID"=78560 OR "FID"=84280 OR "FID"=84300 OR "FID"=84320 OR "FID"=84340 OR "FID"=84360 OR "FID"=84380 OR "FID"=84400 OR "FID"=84420 OR "FID"=84440 OR "FID"=84460 OR "FID"=84480 OR "FID"=84500 OR "FID"=84520 OR "FID"=84540 OR "FID"=84560 OR "FID"=84580 OR "FID"=90300 OR "FID"=90320 OR "FID"=90340 OR "FID"=90360 OR "FID"=90380 OR "FID"=90400 OR "FID"=90420 OR "FID"=90440 OR "FID"=90460 OR "FID"=90480 OR "FID"=90500 OR "FID"=90520 OR "FID"=90540 OR "FID"=90560 OR "FID"=90580 OR "FID"=90600"</Process></lineage><itemProps><itemName Sync="TRUE">gauss50unif20</itemName><imsContentType Sync="TRUE">002</imsContentType><itemSize Sync="TRUE">0.000</itemSize><itemLocation><linkage Sync="TRUE">file://\\WIN-MDM33FEAJRH\F$\Py4ArcGIS\OC\gauss\gauss50unif20.shp</linkage><protocol Sync="TRUE">Local Area Network</protocol></itemLocation></itemProps></DataProperties><SyncDate>20131006</SyncDate><SyncTime>05551100</SyncTime><ModDate>20131006</ModDate><ModTime>05551100</ModTime></Esri><dataIdInfo><envirDesc Sync="TRUE">Microsoft Windows 7 Version 6.1 (Build 7601) Service Pack 1; Esri ArcGIS 10.1.1.3143</envirDesc><dataLang><languageCode value="zho" Sync="TRUE"></languageCode><countryCode value="CHN" Sync="TRUE"></countryCode></dataLang><idCitation><resTitle Sync="TRUE">gauss50unif20</resTitle><presForm><PresFormCd value="005" Sync="TRUE"></PresFormCd></presForm></idCitation><spatRpType><SpatRepTypCd value="001" Sync="TRUE"></SpatRepTypCd></spatRpType></dataIdInfo><mdLang><languageCode value="zho" Sync="TRUE"></languageCode><countryCode value="CHN" Sync="TRUE"></countryCode></mdLang><mdChar><CharSetCd value="004" Sync="TRUE"></CharSetCd></mdChar><distInfo><distFormat><formatName Sync="TRUE">Shapefile</formatName></distFormat><distTranOps><transSize Sync="TRUE">0.000</transSize></distTranOps></distInfo><mdHrLv><ScopeCd value="005" Sync="TRUE"></ScopeCd></mdHrLv><mdHrLvName Sync="TRUE">dataset</mdHrLvName><spatRepInfo><VectSpatRep><geometObjs Name="gauss50unif20"><geoObjTyp><GeoObjTypCd value="004" Sync="TRUE"></GeoObjTypCd></geoObjTyp><geoObjCnt Sync="TRUE">0</geoObjCnt></geometObjs><topLvl><TopoLevCd value="001" Sync="TRUE"></TopoLevCd></topLvl></VectSpatRep></spatRepInfo><spdoinfo><ptvctinf><esriterm Name="gauss50unif20"><efeatyp Sync="TRUE">Simple</efeatyp><efeageom code="1" Sync="TRUE"></efeageom><esritopo Sync="TRUE">FALSE</esritopo><efeacnt Sync="TRUE">0</efeacnt><spindex Sync="TRUE">FALSE</spindex><linrefer Sync="TRUE">FALSE</linrefer></esriterm></ptvctinf></spdoinfo><eainfo><detailed Name="gauss50unif20"><enttyp><enttypl Sync="TRUE">gauss50unif20</enttypl><enttypt Sync="TRUE">Feature Class</enttypt><enttypc Sync="TRUE">0</enttypc></enttyp><attr><attrlabl Sync="TRUE">FID</attrlabl><attalias Sync="TRUE">FID</attalias><attrtype Sync="TRUE">OID</attrtype><attwidth Sync="TRUE">4</attwidth><atprecis Sync="TRUE">0</atprecis><attscale Sync="TRUE">0</attscale><attrdef Sync="TRUE">Internal feature number.</attrdef><attrdefs Sync="TRUE">Esri</attrdefs><attrdomv><udom Sync="TRUE">Sequential unique whole numbers that are automatically generated.</udom></attrdomv></attr><attr><attrlabl Sync="TRUE">Shape</attrlabl><attalias Sync="TRUE">Shape</attalias><attrtype Sync="TRUE">Geometry</attrtype><attwidth Sync="TRUE">0</attwidth><atprecis Sync="TRUE">0</atprecis><attscale Sync="TRUE">0</attscale><attrdef Sync="TRUE">Feature geometry.</attrdef><attrdefs Sync="TRUE">Esri</attrdefs><attrdomv><udom Sync="TRUE">Coordinates defining the features.</udom></attrdomv></attr><attr><attrlabl Sync="TRUE">POINTID</attrlabl><attalias Sync="TRUE">POINTID</attalias><attrtype Sync="TRUE">Integer</attrtype><attwidth Sync="TRUE">6</attwidth><atprecis Sync="TRUE">6</atprecis><attscale Sync="TRUE">0</attscale></attr><attr><attrlabl Sync="TRUE">GRID_CODE</attrlabl><attalias Sync="TRUE">GRID_CODE</attalias><attrtype Sync="TRUE">Double</attrtype><attwidth Sync="TRUE">19</attwidth><atprecis Sync="TRUE">18</atprecis><attscale Sync="TRUE">8</attscale></attr></detailed></eainfo><mdDateSt Sync="TRUE">20131006</mdDateSt></metadata>
