<?xml version="1.0" encoding="UTF-8"?>
<metadata xml:lang="zh"><Esri><CreaDate>20131005</CreaDate><CreaTime>22331200</CreaTime><ArcGISFormat>1.0</ArcGISFormat><SyncOnce>FALSE</SyncOnce><DataProperties><lineage><Process ToolSource="c:\arcgis\desktop10.1\ArcToolbox\Toolboxes\Conversion Tools.tbx\RasterToPoint" Date="20131005" Time="223312">RasterToPoint F:\Py4ArcGIS\OC\gauss\gauss50.img c:\temp\gauss50unif30FromRaster.shp VALUE</Process><Process ToolSource="c:\arcgis\desktop10.1\ArcToolbox\Toolboxes\Analysis Tools.tbx\Select" Date="20131005" Time="223315">Select c:\temp\gauss50unif30FromRaster.shp F:\Py4ArcGIS\OC\gauss\gauss50unif30.shp ""FID" =0 OR "FID"=30 OR "FID"=60 OR "FID"=90 OR "FID"=120 OR "FID"=150 OR "FID"=180 OR "FID"=210 OR "FID"=240 OR "FID"=270 OR "FID"=300 OR "FID"=9030 OR "FID"=9060 OR "FID"=9090 OR "FID"=9120 OR "FID"=9150 OR "FID"=9180 OR "FID"=9210 OR "FID"=9240 OR "FID"=9270 OR "FID"=9300 OR "FID"=9330 OR "FID"=18060 OR "FID"=18090 OR "FID"=18120 OR "FID"=18150 OR "FID"=18180 OR "FID"=18210 OR "FID"=18240 OR "FID"=18270 OR "FID"=18300 OR "FID"=18330 OR "FID"=18360 OR "FID"=27090 OR "FID"=27120 OR "FID"=27150 OR "FID"=27180 OR "FID"=27210 OR "FID"=27240 OR "FID"=27270 OR "FID"=27300 OR "FID"=27330 OR "FID"=27360 OR "FID"=27390 OR "FID"=36120 OR "FID"=36150 OR "FID"=36180 OR "FID"=36210 OR "FID"=36240 OR "FID"=36270 OR "FID"=36300 OR "FID"=36330 OR "FID"=36360 OR "FID"=36390 OR "FID"=36420 OR "FID"=45150 OR "FID"=45180 OR "FID"=45210 OR "FID"=45240 OR "FID"=45270 OR "FID"=45300 OR "FID"=45330 OR "FID"=45360 OR "FID"=45390 OR "FID"=45420 OR "FID"=45450 OR "FID"=54180 OR "FID"=54210 OR "FID"=54240 OR "FID"=54270 OR "FID"=54300 OR "FID"=54330 OR "FID"=54360 OR "FID"=54390 OR "FID"=54420 OR "FID"=54450 OR "FID"=54480 OR "FID"=63210 OR "FID"=63240 OR "FID"=63270 OR "FID"=63300 OR "FID"=63330 OR "FID"=63360 OR "FID"=63390 OR "FID"=63420 OR "FID"=63450 OR "FID"=63480 OR "FID"=63510 OR "FID"=72240 OR "FID"=72270 OR "FID"=72300 OR "FID"=72330 OR "FID"=72360 OR "FID"=72390 OR "FID"=72420 OR "FID"=72450 OR "FID"=72480 OR "FID"=72510 OR "FID"=72540 OR "FID"=81270 OR "FID"=81300 OR "FID"=81330 OR "FID"=81360 OR "FID"=81390 OR "FID"=81420 OR "FID"=81450 OR "FID"=81480 OR "FID"=81510 OR "FID"=81540 OR "FID"=81570 OR "FID"=90300 OR "FID"=90330 OR "FID"=90360 OR "FID"=90390 OR "FID"=90420 OR "FID"=90450 OR "FID"=90480 OR "FID"=90510 OR "FID"=90540 OR "FID"=90570 OR "FID"=90600"</Process></lineage><itemProps><itemName Sync="TRUE">gauss50unif30</itemName><imsContentType Sync="TRUE">002</imsContentType><itemSize Sync="TRUE">0.000</itemSize><itemLocation><linkage Sync="TRUE">file://\\WIN-MDM33FEAJRH\F$\Py4ArcGIS\OC\gauss\gauss50unif30.shp</linkage><protocol Sync="TRUE">Local Area Network</protocol></itemLocation></itemProps></DataProperties><SyncDate>20131005</SyncDate><SyncTime>22331300</SyncTime><ModDate>20131005</ModDate><ModTime>22331300</ModTime></Esri><dataIdInfo><envirDesc Sync="TRUE">Microsoft Windows 7 Version 6.1 (Build 7601) Service Pack 1; Esri ArcGIS 10.1.1.3143</envirDesc><dataLang><languageCode value="zho" Sync="TRUE"></languageCode><countryCode value="CHN" Sync="TRUE"></countryCode></dataLang><idCitation><resTitle Sync="TRUE">gauss50unif30</resTitle><presForm><PresFormCd value="005" Sync="TRUE"></PresFormCd></presForm></idCitation><spatRpType><SpatRepTypCd value="001" Sync="TRUE"></SpatRepTypCd></spatRpType></dataIdInfo><mdLang><languageCode value="zho" Sync="TRUE"></languageCode><countryCode value="CHN" Sync="TRUE"></countryCode></mdLang><mdChar><CharSetCd value="004" Sync="TRUE"></CharSetCd></mdChar><distInfo><distFormat><formatName Sync="TRUE">Shapefile</formatName></distFormat><distTranOps><transSize Sync="TRUE">0.000</transSize></distTranOps></distInfo><mdHrLv><ScopeCd value="005" Sync="TRUE"></ScopeCd></mdHrLv><mdHrLvName Sync="TRUE">dataset</mdHrLvName><spatRepInfo><VectSpatRep><geometObjs Name="gauss50unif30"><geoObjTyp><GeoObjTypCd value="004" Sync="TRUE"></GeoObjTypCd></geoObjTyp><geoObjCnt Sync="TRUE">0</geoObjCnt></geometObjs><topLvl><TopoLevCd value="001" Sync="TRUE"></TopoLevCd></topLvl></VectSpatRep></spatRepInfo><spdoinfo><ptvctinf><esriterm Name="gauss50unif30"><efeatyp Sync="TRUE">Simple</efeatyp><efeageom code="1" Sync="TRUE"></efeageom><esritopo Sync="TRUE">FALSE</esritopo><efeacnt Sync="TRUE">0</efeacnt><spindex Sync="TRUE">FALSE</spindex><linrefer Sync="TRUE">FALSE</linrefer></esriterm></ptvctinf></spdoinfo><eainfo><detailed Name="gauss50unif30"><enttyp><enttypl Sync="TRUE">gauss50unif30</enttypl><enttypt Sync="TRUE">Feature Class</enttypt><enttypc Sync="TRUE">0</enttypc></enttyp><attr><attrlabl Sync="TRUE">FID</attrlabl><attalias Sync="TRUE">FID</attalias><attrtype Sync="TRUE">OID</attrtype><attwidth Sync="TRUE">4</attwidth><atprecis Sync="TRUE">0</atprecis><attscale Sync="TRUE">0</attscale><attrdef Sync="TRUE">Internal feature number.</attrdef><attrdefs Sync="TRUE">Esri</attrdefs><attrdomv><udom Sync="TRUE">Sequential unique whole numbers that are automatically generated.</udom></attrdomv></attr><attr><attrlabl Sync="TRUE">Shape</attrlabl><attalias Sync="TRUE">Shape</attalias><attrtype Sync="TRUE">Geometry</attrtype><attwidth Sync="TRUE">0</attwidth><atprecis Sync="TRUE">0</atprecis><attscale Sync="TRUE">0</attscale><attrdef Sync="TRUE">Feature geometry.</attrdef><attrdefs Sync="TRUE">Esri</attrdefs><attrdomv><udom Sync="TRUE">Coordinates defining the features.</udom></attrdomv></attr><attr><attrlabl Sync="TRUE">POINTID</attrlabl><attalias Sync="TRUE">POINTID</attalias><attrtype Sync="TRUE">Integer</attrtype><attwidth Sync="TRUE">6</attwidth><atprecis Sync="TRUE">6</atprecis><attscale Sync="TRUE">0</attscale></attr><attr><attrlabl Sync="TRUE">GRID_CODE</attrlabl><attalias Sync="TRUE">GRID_CODE</attalias><attrtype Sync="TRUE">Double</attrtype><attwidth Sync="TRUE">19</attwidth><atprecis Sync="TRUE">18</atprecis><attscale Sync="TRUE">8</attscale></attr></detailed></eainfo><mdDateSt Sync="TRUE">20131005</mdDateSt></metadata>
